year,week_no,latitude,longitude,CO2_emission,temperature_anomaly,sea_level_rise,precipitation,solar_radiation
2019,34,-59.761942,-100.250746,446.49,1.197,3.66,863.3,215.65
2020,11,13.299156,86.333838,380.35,1.059,2.82,985.8,174.91
2021,44,57.903372,-22.995336,463.05,1.258,3.48,817.7,164.36
2019,25,-18.900236,122.439621,372.68,0.961,3.3,879,208.91
2019,11,-84.693187,-131.6499,457.25,0.754,2.77,935.6,174.92
2021,9,32.978325,83.870206,384.93,1.381,3.71,811.8,212.31
2019,18,-58.894702,136.038899,440.71,1.215,3.72,914.9,212.06
2020,20,-51.351101,-13.374585,407.92,1.144,2.01,1068.2,188.01
2019,18,-56.3128,-50.853023,401.12,1.265,2.26,1057.6,188.78
2019,32,-39.62618,-70.030153,405.2,1.234,2.69,1107.2,163.45
2020,10,69.016284,18.601857,345.98,1.114,3.45,685,180.39
2021,5,-83.7631,-116.722742,441.03,1.05,2.64,918.5,230.48
2019,11,21.451779,38.38596,391.43,0.916,3.23,1124.5,199.83
2020,28,-45.75874,123.045478,491.08,1.168,3,1180.3,251.34
2021,18,-36.881071,129.136916,386.08,0.62,3.06,1079.1,261.37
2020,27,-15.841403,-129.599399,409.12,0.597,3.29,757.2,205.97
2019,20,9.12396,13.902493,384.66,1.133,2.24,1207.9,207.03
2020,31,-79.023768,-85.235526,392.65,1.081,3.31,846,193.12
2019,51,-39.640322,139.0809,423.44,1.198,3.25,1223.9,215.57
2021,5,-65.297517,-152.473544,415.71,1.34,3.3,1195.9,192.67
2021,24,-54.097595,-152.856016,337.14,1.036,2.36,876.6,188.94
2020,17,69.237453,-173.293094,414.37,1.257,3.05,863.2,200.1
2019,16,4.64653,2.584192,443.92,0.649,2.7,937.9,244.94
2021,47,23.53579,-168.770077,430.41,1.095,3.46,859.9,201.85
2020,41,54.390255,29.480577,435.3,0.606,2.81,964,242.63
2021,32,53.072324,-34.151592,495.97,1.019,2.32,1255.8,245.08
2021,39,88.092651,32.413072,498.05,0.709,3.74,969.8,263.3
2019,40,50.744838,146.269288,476.87,0.802,4.12,1213.5,180.01
2021,13,-25.35982,18.573839,408.35,1.432,3.32,765,159.99
2021,30,8.013205,15.648957,397.4,0.917,4.15,1008.7,161.93
2019,7,-2.757693,179.542143,487.57,1.098,4.35,1025.1,232.57
2021,9,74.281863,-10.042578,447.1,0.832,2.89,1151.3,207.07
2021,20,0.430786,99.071006,411.11,1.737,2.85,1050.1,239.58
2019,1,-20.091371,-48.305293,500,1.373,3.29,1111.7,168.74
2019,26,-57.633143,-99.609607,424.41,0.951,3.79,1079.4,208.72
2021,22,-32.602038,97.972144,351.99,1.08,2.99,943.3,190.67
2021,40,-50.576366,83.961658,430.05,1.101,3.2,549.3,228.21
2021,25,71.237661,-75.240302,358.73,0.828,3.31,972.4,217
2021,52,50.136891,-12.707589,453.75,0.82,2.74,1096.6,226.46
2020,22,-79.453579,3.748318,363.08,0.915,3.19,1080.1,145.81
2021,29,88.475638,-37.157343,431.4,0.971,3.58,1027.5,194.86
2019,22,5.297813,0.780217,385.56,0.651,3.17,837.7,168.93
2019,28,48.03159,58.564256,443.78,1.14,2.36,600.7,191.93
2019,42,89.929034,125.273462,379.78,0.994,3.15,886.7,150.74
2019,39,85.316375,110.35442,432.55,0.906,3.12,1237.7,193.12
2021,9,-71.975819,41.052952,358.22,1.153,2.28,914.3,212.07
2021,20,28.235596,-120.296321,374.75,1.085,2.67,1002.1,183.27
2020,21,-42.02514,5.089205,388.28,0.983,3.01,1070.1,152.86
2021,39,56.931329,-19.36064,445.8,1.002,2.54,1116.3,228.44
2019,45,75.106707,-115.507734,360,0.86,3.86,1267.8,200.7
2021,13,-79.936442,161.536259,402.16,1.276,3.03,776.7,204.19
2020,31,89.350569,57.388791,385.65,1.402,3.38,953,202.52
2021,21,-50.505915,168.384802,340.6,1.088,3.51,956.2,197.36
2021,12,62.370916,84.931131,320.59,0.736,3.35,903.6,215.83
2019,26,53.530324,-5.93877,364.88,0.96,3.35,900,209.24
2020,21,-26.135166,-50.833606,402.63,1.099,3.62,915.4,208.29
2021,19,61.060005,-101.225118,396.03,0.821,2.59,931.3,202.87
2021,48,62.139762,-4.448827,361.79,1.145,1.44,755.6,201.36
2020,45,-58.301934,-157.369982,440.85,0.793,4.09,996,195.02
2021,41,16.653512,-47.003333,350.41,0.981,4.01,776.7,170.48
2020,32,55.117841,-164.588961,426.21,0.592,2.81,1014.8,204.98
2020,37,35.572781,-105.561333,360.92,1.019,2.7,783.6,225.29
2019,51,74.516401,146.781393,415.24,1.042,2.68,1003.5,195.46
2021,16,-84.922817,-49.949509,498.25,0.96,2.87,1017.1,254.24
2020,21,36.100945,-10.917278,440.35,0.813,2.71,1110.9,201.48
2020,25,80.560572,-16.328358,407.46,1.077,3.46,960.1,188.4
2020,18,11.449168,-163.282515,370.9,1.056,2.64,1059.9,209.58
2019,51,11.3596,173.012322,416.42,1.333,3.35,1226.2,196.89
2021,26,-56.11794,-63.3344,350.96,1.217,3.46,775.4,205.2
2019,24,87.841118,73.345051,399.8,0.743,4.21,675.1,186.81
2019,8,68.692745,7.694245,415.17,1.144,2.98,1082.8,228.97
2020,37,-1.39919,118.672976,327.67,1.098,2.55,791.9,165.44
2020,13,-34.370447,120.554016,337.71,1.211,2.68,1024.9,213.37
2020,38,-1.721444,-85.206215,414.35,0.991,3.56,922.4,198.42
2020,35,-73.753672,15.966022,425.6,0.983,3.18,1163.6,203.39
2019,12,-48.127796,-117.414066,400.82,0.988,2.85,938.2,190.36
2020,44,-50.61439,55.323113,459.06,0.998,1.88,947.4,222.9
2021,50,4.760733,-48.49316,402.86,0.909,3.08,1284.9,186.74
2019,36,-89.876971,55.201157,455.36,0.971,3.1,1175.4,213.74
2020,2,75.221313,120.768864,432.18,1.121,3.78,963.1,214.32
2021,47,-53.736411,5.998643,370.65,1.276,3.82,947.7,205.09
2020,30,-66.511882,-44.521639,492.84,0.841,3.29,968.9,232.39
2021,46,39.048774,146.607274,431.01,0.957,3.02,1055.6,219.99
2020,14,75.380542,5.893842,421.25,1.077,3.22,1158.1,235.88
2020,29,61.971136,-52.956717,399.64,1.083,3.17,943.6,172.64
2019,52,-31.754014,132.378992,335.06,1.306,2.32,1106.6,227.4
2020,19,-86.055679,-4.729837,463.06,1.28,3.37,849.2,207.02
2021,45,15.589652,-6.440368,499.78,0.967,4.2,771.7,221.71
2021,5,75.100347,37.515953,382.7,0.905,2.51,795.6,208.09
2019,51,49.38597,0.661314,343.93,0.679,3.37,915.9,187.9
2020,51,62.36656,-129.971409,367.62,0.929,3.11,823.8,181.39
2019,27,64.920504,-120.381904,351.65,1.017,2.8,1018.4,229.16
2020,44,82.900575,-152.248239,386.41,1.134,4.95,1108,222.22
2019,32,-22.75366,51.651721,367.17,1.04,2.97,884.7,187.92
2020,9,79.546178,-103.853843,396.3,1.214,3.12,1383,176.47
2020,41,-18.792799,-112.713957,366.55,0.705,3.3,957.5,217.02
2019,20,-71.814209,-49.59974,339.85,0.737,2.99,743.6,199.61
2019,16,-35.682272,78.228975,407.53,1.135,2.68,945.3,227.18
2019,17,-65.4387,-137.40112,443.07,0.982,2.76,1074.4,196.82
2019,43,-61.649301,-97.07532,333.71,0.796,4.11,792.2,252.41
2020,10,80.764836,112.022147,403.54,0.604,2.19,1050,221.17
2020,46,52.531654,79.292037,548.23,1.216,3.07,1218.1,193.46
2021,28,82.919178,-6.654006,441.14,1.129,3.82,815.8,221.25
2020,51,26.852448,-7.626729,293.84,0.974,2.25,1115.5,229.66
2019,25,-58.643519,-104.146578,303.88,1.105,2.24,1185.9,220.48
2019,5,84.373721,-121.951346,434.74,0.561,3.02,973.3,178.96
2020,29,34.840872,120.011399,382.94,1.279,2.97,1002.8,214.67
2021,39,77.192138,-171.919426,418.65,1.057,3.33,940.4,246.88
2021,31,51.658523,-164.468041,416.44,1.174,2.83,1014.7,192.81
2020,38,-49.817301,26.455144,470.17,0.962,3.22,1063.6,173.77
2019,26,16.011028,-121.993509,335.49,0.771,2.78,1195.9,190.22
2019,35,-58.436707,46.634553,433.82,0.817,3.59,865.2,232.01
2020,33,-34.771819,-165.891289,397.72,1.194,3.58,1060.3,157.71
2021,45,33.929719,26.016948,362.09,1.271,3.86,1200,161.27
2020,27,-67.077294,-159.871679,366.17,0.744,2.56,980,214.13
2020,35,41.189572,-87.026527,359.51,0.729,2.61,1063.5,174.71
2020,3,80.781859,-115.186486,349.39,1.235,3.18,868.5,182.37
2020,51,80.765669,164.965801,348.91,0.57,3.62,1087.2,235.47
2019,24,-19.511743,35.768708,403.49,1.101,3.82,967.6,232.87
2019,45,88.970963,22.897693,411.27,1.1,2.99,864.9,210.1
2020,52,83.733109,-173.296787,336.93,0.831,3.38,771.9,215.42
2021,35,-84.171106,79.037028,436.23,0.719,3.07,1050.7,182.9
2020,39,18.42996,58.228223,407.43,0.968,3.59,843.6,147.94
2019,41,75.786879,-77.956334,388.81,1.03,2.59,898.1,191.02
2019,6,84.155703,-149.130539,440.9,0.989,3.22,933.9,146.62
2021,7,-50.238855,-18.28679,392.58,0.953,3.42,844.7,173.02
2020,50,11.799044,177.399297,417.52,1.297,3.47,1130.3,225.81
2019,16,78.603803,132.228864,344.8,0.905,3.43,1349.7,200.82
2019,43,-64.684194,-118.595958,464.19,0.781,3.34,1066.2,169.03
2020,43,44.161799,118.930887,341.1,0.789,3.8,1018.8,233.74
2020,23,-47.160733,36.301937,340.59,0.783,1.77,847.9,164.65
2021,11,86.828338,106.061785,484.9,1.174,2.96,1111.9,205.74
2021,42,-59.780265,115.363145,395.87,1.077,3.54,923.2,190.57
2021,40,69.357646,-114.521705,350.34,1.329,3.53,911.8,159.62
2020,3,-74.029318,57.47355,340.07,0.715,3.72,842.5,169.68
2020,37,37.613846,-84.772549,389.91,1.161,3.49,1108.1,210.88
2021,42,25.038484,80.707247,413.95,1.232,3.49,1044.7,227.16
2019,44,69.597633,-56.638341,424,1.402,3.9,774.3,184.35
2019,42,-9.606612,-16.750748,392.16,1.404,3.05,1168.9,205.81
2020,26,-42.261761,32.614557,435.44,0.938,3.83,981.2,191.02
2019,49,-45.082645,-97.267037,381.39,0.522,3.76,963,208.98
2020,22,-77.79694,-41.233722,407.75,1.019,2.5,940.2,175.71
2021,51,-43.801571,-140.914759,446.23,1.239,3.27,838.9,216.29
2020,28,-70.553772,-107.154522,369.91,1.231,3,1147.1,225.59
2020,7,-89.769392,129.453009,426.14,1.141,3.14,1091.3,178.89
2020,1,-20.531322,1.569429,453.61,0.8,3.26,933.5,238.33
2019,7,41.865209,-28.873795,416.98,1.406,3.11,1166.4,190.01
2020,17,84.438329,-126.15797,479.22,0.988,2.9,991.3,220.03
2019,15,69.21936,-145.332512,391.8,0.907,3.36,966.6,185.05
2021,33,-1.245241,-8.687093,459.04,0.596,3.03,1177,229.59
2021,48,-21.831737,41.309341,324.04,0.81,3.23,1256.2,193.65
2019,34,8.284314,-165.946837,352.38,0.659,2.55,878.5,234
2020,36,-71.742859,102.192565,354.39,0.906,3.82,937.4,186.39
2021,38,-3.691935,1.198515,457.41,1.391,2.79,958.9,249.44
2020,45,65.52913,-137.694094,412.83,0.941,4.38,921.5,183.98
2019,37,27.174521,-6.393263,421.49,0.647,3.99,1083.8,199.05
2020,15,33.688873,-133.081617,357.26,1.173,2.74,1020.7,221.89
2021,29,-60.721828,37.250874,414.41,0.898,2.87,964.4,212.45
2020,24,-76.73231,117.90784,533.98,0.808,2.97,994.9,191.75
2021,26,62.237247,142.908823,334.33,0.877,3.5,964.2,220.04
2020,30,-36.91645,98.953352,407.21,0.614,3.35,1434.6,198.65
2021,50,-32.630957,53.723425,399.34,1.22,4.07,1212,223.04
2021,44,81.299184,7.935923,418.88,0.96,2.67,925.5,209.26
2021,38,-76.643928,-46.664118,424.67,1.401,3.16,873.3,200.08
2019,45,-59.381063,-164.362218,452.95,0.692,3.43,710,190.5
2019,33,-22.417581,10.733947,374.39,1.098,3.26,1155.8,194.89
2019,10,41.757315,-97.384948,518.45,0.635,2.54,841.6,226.76
2020,23,8.468327,108.828071,444.18,1.237,2.63,1049.5,205.11
2020,2,71.662351,104.240011,392.09,1.253,3.32,1074.5,219.04
2020,31,-73.241157,-42.754861,428.82,0.773,3.38,875.9,219.79
2021,7,16.925498,32.057311,284.95,0.883,3.21,853.6,215.42
2020,19,20.456051,86.901855,429.28,1.106,2.37,877,213.26
2019,27,-3.107378,94.154122,411.61,0.877,3.64,823.4,206.97
2019,6,-84.421223,70.814737,466.14,1.033,2.86,1102.2,210.94
2021,8,79.639606,-144.821913,366.95,0.655,2.9,959.4,175.37
2021,47,-60.300505,-131.802082,328.78,1.296,2.25,1158.2,177.16
2020,10,70.155589,-8.229155,423.11,1.054,2.54,1214.1,165.04
2021,23,-61.72132,-96.295359,431.52,1.077,3.25,938.7,199.31
2019,20,-71.773594,129.259169,385.88,1.066,3.38,759.5,177.74
2019,22,-53.000914,-78.024,458.15,1.413,3.67,908,209.13
2019,30,-55.802834,135.635873,389.43,1.116,3.78,744.7,189.22
2019,51,35.495407,-32.887186,385.04,0.811,2.96,943,161.98
2021,14,39.966859,-111.952435,390.54,0.932,2.35,923.1,181.99
2020,34,41.395321,75.293581,462,0.798,3.32,1151.9,224.31
2020,31,-42.252342,104.192094,448.71,0.836,2.85,1167.1,191.78
2021,23,-39.325847,28.075372,284.72,1.006,4.16,1018.1,145.27
2020,31,-47.241309,-137.581703,507.51,1.039,2.54,989.3,185.81
2019,7,-81.06562,-177.410141,427.63,0.988,3.6,899.7,178.82
2021,29,12.918565,55.636603,386.2,0.882,2.52,1075.5,198.81
2021,47,61.173811,67.596025,355.55,0.846,3.29,820.2,222.5
2019,45,-62.353812,-66.275383,423.86,1.114,3.11,906.8,189.98
2020,29,-25.050794,-49.582876,492.76,0.722,2.53,951.1,227.61
2021,21,-13.030928,-124.279711,373.26,0.809,3.18,914.9,148.78
2020,5,-36.981099,54.567337,359.08,1.114,3.86,1054.3,192.62
2019,20,29.163641,-88.692219,409.24,1.213,3.9,786.6,182.17
2020,3,18.038795,127.791693,385.27,1.275,2.59,1155.5,244.86
2021,52,-54.058536,-27.517843,351.98,0.768,3.56,971.1,238.7
2021,46,-85.367575,-48.368126,426.65,1.008,3.49,881.3,191.43
2020,8,-59.250205,-80.798205,396.53,0.975,2.76,1105.7,186.97
2021,2,-37.473936,65.018054,418.09,0.996,3.32,772.1,261.97
2020,22,-75.251503,91.789884,451.75,1.379,3.12,759.2,220.95
2021,42,61.878433,-31.237863,432.05,0.902,2.49,1198.9,197.33
2021,7,-34.496388,102.16383,309.36,0.939,3.43,1251.5,182.32
2021,44,-18.455877,-6.311607,471.1,0.683,3.06,934,189.08
2020,52,-1.962574,-46.723331,357.35,0.9,3.51,976.9,241.06
2021,11,28.98721,19.768088,348.77,1.243,2.4,719.8,231.28
2021,48,-73.595362,-88.640048,444.92,1.045,3.62,988,196.74
2020,16,7.942685,-69.604889,404.92,1.041,2.7,988.1,207.15
2020,34,-56.72138,-56.03173,477.77,1.119,3.54,794,224.87
2019,12,69.388685,73.978059,367.86,0.521,2.89,981.9,158.55
2020,36,-23.5077,84.881675,420.21,1.225,2.8,1187.8,258.48
2020,11,-9.760451,127.799612,387.34,0.947,3.06,1061,181.66
2021,22,-42.606726,57.341826,303.5,1.024,2.79,1152.7,200.87
2019,36,-6.289568,89.21311,465.39,0.937,3.18,977.3,217.13
2020,28,-49.27639,-19.225844,558.08,1.066,2.83,858,170.68
2021,30,-41.658841,71.752119,438.17,0.877,3.07,905.3,196.16
2020,15,-78.904913,-121.753758,403.44,1.036,3.41,716.5,239.51
2021,52,45.402326,-102.795069,367.76,1.194,4,991.4,176.86
2021,26,30.144323,-35.798074,334.84,0.783,3.35,1283.6,181.03
2021,41,-74.572684,-58.162375,478.51,1.122,3.52,1187.3,215.07
2019,12,-28.11755,18.207437,435.6,1.094,3.11,1130.7,189.03
2021,12,7.460821,70.940667,429.42,0.944,4.17,1202.2,163.63
2020,41,84.726997,74.444376,404.3,0.904,3.29,941.6,181.14
2020,43,16.15076,-122.134317,407.1,1.004,3.86,1214.2,263.49
2021,28,9.648343,167.24529,373.53,1.237,2.9,949.5,193.96
2021,26,61.34349,-178.095372,485.19,1.276,3.25,856.5,210.3
2021,2,57.312939,-147.20811,364.78,1.053,3.42,809.5,192.23
2019,48,-14.646227,-127.681763,404.15,1.162,3.04,969.2,196.13
2021,40,6.392594,153.310244,435.67,0.89,2.93,1059.1,184.81
2019,13,66.040922,-23.264124,470.93,0.547,2.78,839.8,210.57
2021,29,-4.53161,-156.931036,314.16,0.894,2.41,1004.5,252.52
2020,38,68.697696,-100.162712,468.17,1.063,3.12,953.8,221.74
2019,28,-4.272789,-151.185695,481.2,0.648,3.54,1028.9,238.24
2021,25,-75.788091,-166.408078,394.59,1.01,3.29,890.6,205.34
2021,1,72.499896,-41.642636,487.41,0.637,3.31,698.8,175.89
2021,46,38.575026,174.401316,318.42,1.209,2.7,1008.1,198.83
2021,14,0.378265,41.027613,387.53,0.971,3.36,913.8,227.99
2020,14,72.081911,7.561996,444.55,1.096,2.45,910.9,211.72
2019,18,54.081061,76.178099,409.07,0.855,3.72,1153.8,191.9
2021,49,31.956279,35.090123,424.01,1.006,3.92,1075.4,203.3
2019,46,21.649161,160.457709,374.74,0.784,3.23,1086.1,193.09
2019,52,-68.349263,115.282344,377.59,1.058,3.24,854.5,148.39
2021,51,46.293976,50.504873,460.49,0.963,2.78,793.6,164.19
2021,5,-58.881785,-21.970063,377.85,1.116,3.93,929.7,191.08
2019,37,87.186238,-107.385393,338.09,1.102,3.63,1001.4,190.02
2019,7,84.989678,56.47832,431.03,1.27,3.36,1077.9,224.78
2019,52,55.52293,109.407567,326.77,0.939,3.2,962.7,244
2020,35,-67.28652,-77.037656,367.16,1.016,3.75,936.7,173.14
2020,12,-13.792518,-167.900633,350.27,1.158,3.32,1142.5,185.58
2020,24,87.890389,35.825369,410.21,1.489,3.69,1101.8,159.49
2019,21,-11.629216,5.692907,441.33,1.256,3.64,899.8,199.67
2020,13,89.508461,-96.59845,493.07,0.988,3.23,931.4,221.19
2021,30,22.900718,-118.986159,359.8,0.573,3.04,1047.1,179.05
2019,8,60.139461,-167.017992,354.3,1.012,3.05,1198.7,213.07
2020,17,-43.580455,-93.867615,422.5,1.064,3.36,939.1,170.11
2021,43,73.944807,-179.896582,379.52,1.168,4.28,1093.3,212.09
2021,32,74.551309,-123.319886,447.75,0.893,1.99,1047.1,181.61
2020,34,-77.937848,178.854172,393.36,0.818,2.34,925.4,185.19
2021,41,-20.142152,100.682236,408.29,1.425,2.99,1046.5,179.93
2021,21,-18.476101,-52.874041,405,1.386,3.05,1079.5,223.69
2019,39,-31.297175,-37.748478,395.77,1.138,2.46,790.3,181.65
2021,25,-40.283852,30.988859,394.26,1.048,2.57,815,217.61
2019,40,-7.531707,6.387372,372.52,1.574,3.04,848.8,202.65
2021,26,67.223926,85.293194,398.84,1.172,2.1,926.7,213.68
2019,38,51.579115,-155.297818,321.6,1.104,3.42,1047.9,206.59
2021,8,22.150427,-147.540291,351,0.809,3.32,915.9,233.62
2020,23,4.061162,-77.582237,379.64,1.134,3.2,887.7,227.8
2021,23,-14.47311,118.715329,438.24,0.912,4.04,742,219.9
2020,30,-15.400368,149.403231,405.9,1.073,3.68,829.4,203.07
2021,40,-63.324047,-54.685711,431.65,0.767,3.27,754,146.61
2020,12,15.828144,166.783559,451.42,0.918,4.33,947.6,190.96
2020,44,46.50793,-80.457174,394.23,0.927,3.45,1285.2,224.43
2019,46,79.136997,38.290827,459.42,0.659,3.78,1035.1,186.55
2020,52,76.48707,-109.97093,507.85,1.001,3.46,941,236.33
2021,20,11.283077,154.696983,399.45,0.735,2.41,1101.1,238.18
2020,40,-71.82172,26.96642,320.4,1.235,2.95,1009.6,212.84
2021,38,-38.503286,-86.001298,365.72,1.054,3.91,855.4,157.53
2020,6,6.414027,-33.431535,417.45,1.116,3.76,945.6,163.16
2021,44,-28.103548,-141.672616,375.77,1.119,3.01,1189,175.37
2021,9,-16.039793,-153.941051,367.31,0.87,2.97,993.7,245.48
2021,21,-21.052175,-74.069343,337.92,1.225,2.53,1054.2,198.78
2021,8,-2.594737,160.925567,381.37,1.14,2.62,1004.1,209.49
2021,16,19.613187,109.059207,341.89,1.175,2.85,1011.3,204.6
2020,20,-83.256179,164.415366,356.32,1.359,4.06,1099.4,211.87
2021,8,-40.425454,135.400697,402.93,1.13,2.8,1195.8,232.5
2020,12,-64.106519,112.733046,440.29,0.75,2.46,785.4,201.33
2019,24,19.557948,26.961796,406.65,0.798,2.76,997.9,181.01
2019,45,34.859026,69.90907,363.01,1.189,3.78,1062.2,231.79
2020,10,-83.019144,167.779964,346.25,0.949,3.16,714.5,197.5
2021,33,70.123359,22.740697,312.76,1.021,3.78,1196.9,140.69
2020,25,-30.331066,97.188189,368.94,0.888,3.61,1014.9,210.9
2019,27,-47.235727,92.690383,381.79,0.83,3.75,1070.9,131.64
2020,39,44.234968,166.045941,423.83,1.169,3.86,1070.4,212.3
2020,9,75.750297,-14.814565,362.82,1.467,2.7,1001.4,193.97
2021,37,71.465645,-14.140641,381.44,1.015,3.44,1044.4,214.56
2019,25,-86.35808,31.257546,375.05,0.95,3.11,952.6,216.09
2021,28,57.129467,-170.153749,425.61,1.371,3.38,1008.2,177
2021,12,-35.450108,-138.143411,374.5,0.861,2.61,1064.1,205.46
2020,32,-39.537602,-155.680466,348.84,0.708,3.27,909.3,176.44
2020,41,-1.508542,48.118247,468.41,1.359,3.03,943.7,208.05
2020,35,35.312912,177.911292,362.4,1.094,3.15,1333.4,229.85
2020,45,-72.32087,63.688671,406.25,1.229,3.03,971,183.37
2021,42,66.402005,-97.22515,391.51,1.145,2.05,951.1,174.5
2021,12,-65.810606,-66.33695,404.21,1.144,4.06,871.2,199.03
2020,36,85.359496,163.960447,389.88,1.031,3.63,1202.3,232.54
2020,11,-10.24009,5.941518,419.69,0.723,3.03,782.8,184.96
2019,32,58.6482,-176.499651,353.22,0.847,2.84,972.3,218.25
2021,19,-41.504403,119.583736,457.2,0.529,2.77,1225.9,225.42
2021,9,-14.980909,-90.627261,423.95,1.085,3.12,1043.5,217.94
2021,12,26.199866,-146.516605,416.18,1.025,2.47,1108.8,244.38
2020,21,-56.171576,62.53125,445.59,0.854,2.68,1080.8,172.77
2020,29,-51.94971,115.586888,415.16,1.083,2.4,1190.9,190.26
2020,40,58.314498,-152.629625,395.98,0.801,1.98,1024.5,207.53
2019,4,43.370064,155.302646,393.99,1.216,3.36,1014.9,158.92
2020,23,46.708793,-8.440037,444.4,0.808,3.39,797.8,238.61
2019,1,66.094015,-52.726347,369.42,1.034,3.61,992.2,177.03
2020,32,57.783131,141.953851,423.84,1.403,3.46,1208.5,250.21
2021,9,2.748546,-83.132718,432.51,0.916,3.65,971.1,246.2
2019,13,-61.38496,160.962519,453.27,0.778,2.07,1128.3,228.16
2020,25,-33.997843,65.918631,382.68,0.924,3.45,972.2,197.07
2020,36,1.22315,147.573885,441.81,1.148,3.08,834.5,187.17
2021,33,-65.583032,-0.360237,375.12,0.881,3.24,1152.7,223.3
2020,42,63.233161,-108.120046,398.12,1.308,3.2,932.6,217.24
2021,32,68.279866,84.754463,427.91,1.003,3.39,1328.5,204.96
2020,27,-84.789331,134.187299,362.02,0.913,3.42,751.1,176.85
2019,44,-55.30258,-105.559692,365.79,0.917,4.23,1045,167.56
2019,32,59.927388,-107.004039,401.39,0.955,3.41,959.3,185
2021,27,60.655802,-90.109644,238.79,0.79,2.45,1076.4,210
2020,46,-45.091753,42.694884,364.02,1.231,3.39,1175.8,196.04
2021,29,-7.83924,-123.841595,472.11,1.285,2.74,893.7,222.52
2021,32,75.245592,-141.591856,411.79,1.35,3.15,830,173.15
2020,11,36.83411,151.267727,425.74,0.654,3.41,879.9,229.01
2019,6,-40.68405,63.292365,418.37,0.859,3,1127.1,180.43
2019,37,58.231133,58.832668,467.71,1.055,3.32,1086.6,191.06
2021,2,0.922747,40.977711,356.83,0.855,2.68,1080.7,175.18
2021,51,24.373766,95.127917,325.02,1.066,2.96,1103.4,239.75
2021,49,-67.702885,14.930624,324.93,1.158,3.01,811.6,234.9
2019,15,-84.498625,-164.785274,373.56,1.014,3.43,1063.2,178.42
2019,19,-22.955983,-6.374851,411.48,0.859,3.69,955.2,241.84
2019,3,16.927847,43.440291,339.65,0.958,3.4,1273.8,199.57
2021,18,-58.034935,-2.757464,428,0.688,3.49,1033.9,264.69
2021,15,66.686539,174.730079,517.02,1.164,3.57,804.8,201.42
2019,35,15.638445,142.919918,329.24,1.267,3.8,1077.8,211.06
2021,19,-27.043218,132.756781,396.99,0.944,3.67,994.8,196.57
2019,11,-60.567549,-3.310073,394.55,0.62,1.73,906.1,247.5
2019,50,71.008546,174.382086,417.81,1.148,3.17,595.2,212.31
2019,30,44.813004,149.762459,349.29,0.979,3.06,1100,173.41
2020,37,33.993097,-79.104016,391.25,0.872,2.46,1111.8,214.84
2020,48,-38.687512,-100.046598,494.44,1.073,3.05,767,208.28
2021,50,-20.418179,27.599467,350.83,1.319,3.34,1015.7,170.74
2020,50,-60.676667,-160.506658,385.69,0.971,2.4,1121.1,220
2019,32,13.006451,107.73717,324.23,0.948,3.75,804.4,193.49
2021,36,83.68517,-7.804772,328.48,0.666,3.37,867.8,189.99
2019,33,64.280014,14.67646,360.52,1.042,2.52,1009.4,194.54
2019,8,26.528381,0.891076,408,0.863,3.7,1057.7,182.99
2021,37,31.985144,-38.261908,422.67,0.749,2.77,1102.8,195.94
2019,8,-41.564956,67.081913,434.51,0.859,3.51,1188.5,223.29
2020,18,-16.288705,-117.07187,360.02,0.776,2.86,1307.5,180.28
2021,50,-86.390576,171.54259,348.56,0.917,3.48,858.6,213.2
2020,35,50.45466,71.368045,411.57,1.155,3.55,700.7,184.63
2020,24,48.163091,-14.374588,320.57,0.848,3.94,1275.9,216.56
2021,35,-88.398363,68.115798,472.63,0.96,3.39,1118.1,149.62
2019,49,74.072779,-175.744808,351.73,0.929,3.63,872.5,176.88
2020,3,26.52688,-104.129141,322.51,0.849,3.71,1084.9,188.12
2020,49,18.205551,29.162959,458.16,1.042,2.66,830,202.47
2020,47,-88.476529,-62.842968,401.59,0.93,2.77,749.1,201.06
2021,29,-44.569721,40.600115,446.6,1.397,3.3,1188,204.65
2019,35,54.915402,-86.507723,432.77,1.3,2.87,1249.8,213.11
2019,14,-35.017254,17.482824,398.28,1.162,3.82,998.6,177.3
2021,28,84.0644,-94.629905,318.57,0.958,3.99,1109.3,153.45
2021,7,25.693256,-10.315669,430.02,0.778,3.36,892.5,136.99
2019,48,-13.714776,40.710256,373.77,1.042,3.92,1044.7,186.03
2021,42,-22.234419,-48.267306,391.58,0.859,3.37,924.7,191.63
2021,49,-27.232344,-0.442794,424.88,1.184,4.2,956,190.64
2021,16,-44.640232,-104.208306,414.47,0.862,3.03,785.9,197.68
2019,20,-5.994357,72.256546,337.83,1.049,2.36,647.6,203.25
2019,3,31.895308,-45.968534,380.03,1.219,3.21,1214.2,172.59
2020,29,58.375948,127.557391,470.35,0.886,3.13,822.8,179.05
2019,17,-18.512543,-79.333369,357.52,0.797,2.57,995.7,188.57
2019,23,-71.583821,-115.239878,446.08,0.767,2.43,901.2,200.22
2020,6,2.072469,-132.7899,535.68,1.384,3.26,967.2,201.55
2020,29,29.223981,27.321383,363.67,0.577,3.73,919.2,202.79
2019,8,61.791111,-97.71597,403.89,1.056,2.9,983,176.04
2021,50,-22.638643,-144.046893,398.84,0.706,2.88,916.7,192.38
2020,52,26.521582,-82.818322,407.3,1.029,3.6,954.8,200.89
2019,16,19.629019,-95.110138,361.91,0.629,3.03,904.2,156.65
2019,14,-36.274333,-24.401249,409.72,1.426,2.98,1045.4,190.68
2020,52,-70.541184,-42.881982,400.95,0.762,2.51,831.2,197.81
2021,48,-78.50933,-127.496255,414.94,0.885,2.8,933.3,219.14
2021,38,87.904974,165.293251,375.75,0.985,2.99,947.4,240.2
2019,45,25.307054,-126.162699,428.06,1.025,3.03,880.6,176.21
2020,23,65.068488,110.04061,405.73,0.975,3.74,1300.2,188.05
2020,46,-42.993557,-116.42138,413.36,0.905,2.54,1232.7,202.24
2020,40,37.99688,-0.144783,385.87,0.811,2.67,926.1,194.88
2021,41,70.627284,178.402237,478.59,0.975,2.63,1031.3,223.89
2021,28,-36.2176,125.78037,441.58,1.061,3.49,1114.3,218.82
2021,11,-63.012727,6.122511,459.26,0.943,3.07,979.8,229.58
2020,40,47.78539,79.401719,425.12,1,2.77,907.5,218.52
2019,9,71.943668,102.719857,489.55,0.983,2.93,1060.4,196.57
2021,51,54.977368,-71.987694,360.87,1.019,3.09,867.5,195.11
2020,14,54.425474,22.369843,412.18,0.975,3.65,885.9,212.43
2020,14,18.005994,24.420427,310.86,1.384,3.76,1027.5,202.49
2019,52,28.895458,-36.575315,332.54,1.115,4,1118.7,173.86
2019,4,32.536035,68.595543,414.58,0.85,3.27,1140.7,179.01
2020,37,39.830976,-158.386904,453.69,0.959,2.94,1181.7,240.18
2019,23,27.972103,112.974505,288.42,0.909,3.36,1061.7,241.29
2021,35,89.544438,-8.445807,474.11,0.962,2.9,995.9,185.2
2020,18,-43.303271,46.750396,392.68,0.908,3.9,1016.8,202.53
2021,39,-14.658177,-18.052265,413.95,0.943,2.89,1083,221.45
2020,35,-20.110514,-59.523646,452.26,1.032,2.76,906.5,228.28
2021,11,-83.642579,-50.053672,426.16,1.01,3.5,915.1,237.93
2019,21,37.452413,21.726013,449.32,0.834,2.81,1007.4,191.85
2019,46,12.967638,155.464047,493.31,1.102,3.44,1286.6,133.14
2021,19,-55.815271,-87.222663,516.92,0.863,3.09,865.5,214.36
2020,19,40.778978,-172.85928,402.68,0.703,3.53,999.3,225.52
2020,37,-49.974625,-136.354504,398.31,1.242,2.27,894,275.28
2021,18,6.234318,132.25269,322.79,0.946,3.24,1109.3,204.78
2021,33,51.28147,166.721962,423.44,1.051,3.65,979.7,222.17
2019,44,73.174771,-108.37508,397.17,0.798,3.89,1138.3,220.49
2019,7,30.936326,27.322005,369.16,0.989,3.35,1024.5,197.38
2021,9,1.316674,53.687143,460.6,0.974,3.56,934.4,209.58
2021,49,62.175464,-117.166019,416.26,0.863,2.96,1054.6,199.34
2020,51,61.314965,100.911275,414.44,0.786,3.9,822.5,220.11
2020,27,67.769061,-52.160746,409.35,1,3.41,814.4,212.83
2021,4,-57.395546,62.349422,484.55,0.928,3.26,752.9,198.89
2020,18,-72.431449,-4.502252,400.08,1.323,2.86,622.9,197.81
2019,42,-66.970055,85.149419,329.26,1.023,3.25,887.4,176.45
2020,9,-43.442667,140.267682,429.41,1.183,3.5,738.1,250.21
2021,45,55.501896,-42.814441,322.65,0.539,3.16,1187.3,193.76
2019,9,47.325279,-76.851512,340.14,1.251,3.13,769.4,178.3
2019,16,-57.047696,47.416389,426.46,1.015,3.47,1167,187.17
2019,10,32.348226,-127.854598,444.25,1.149,3.19,769.3,192.9
2020,46,-29.586157,-119.672807,470.97,1.043,3.12,1160.8,236.5
2020,21,-73.926032,110.778172,429.02,1.239,1.92,1352.2,148.35
2019,16,-26.048989,-58.540208,451.87,1.287,2.85,868.2,181.55
2019,49,43.957787,47.258427,405.47,0.982,3.67,1161.6,207.4
2020,44,-34.724651,25.789527,385.15,0.846,2.76,1028.1,162.71
2020,26,51.856279,125.604278,445.48,0.809,3.35,914.7,206.63
2019,32,-30.362915,-154.316132,387.16,1.166,2.23,1050.8,193.52
2020,10,-43.099338,-121.680184,335.29,1.02,2.94,773.6,209.32
2020,37,-37.070798,-97.841542,412.57,1.144,3.12,1078.9,202.76
2020,41,63.2185,-65.923833,408.98,0.809,3.55,1076.9,198.48
2020,18,-5.303418,-75.111713,345.96,0.794,2.67,962.4,205.56
2021,41,65.950807,-83.709939,527.32,1.092,2.77,938.2,172.71
2021,27,15.043432,52.071946,429.02,1.014,3.29,1153.5,193.74
2021,25,79.974177,-82.350684,489.34,1.049,4.27,1022.8,208.71
2019,29,-77.181167,-19.83658,286.64,0.806,2.85,884.5,170.45
2020,5,70.096691,130.610334,399.89,1.18,3.29,979.8,246.05
2021,41,0.085927,-49.260658,329.81,0.587,3.46,912.2,206.17
2020,51,66.149596,31.291118,459.27,1.208,3,1003.8,165.61
2021,50,-21.29954,167.589372,400.12,0.652,2.94,1090.3,194.17
2019,6,-36.295964,-30.963938,336.05,0.767,3.16,1222,179.03
2019,26,-80.268845,-113.800968,418.37,0.998,3.01,796.8,231.78
2021,33,63.763159,-171.683607,421.17,1.099,3.87,1147.9,238.71
2019,48,-65.274253,81.99807,357.86,1.113,3.66,1054.3,210.86
2020,18,-53.946614,58.328117,464.27,0.831,2.12,1011.8,172.47
2020,45,-16.345468,158.557441,361.06,1.071,3.1,1046.4,200.44
2019,24,12.492646,72.250894,275.88,0.951,3.01,1116.4,156.66
2020,30,73.191768,-151.176694,452.15,0.665,2.52,987.5,195.38
2021,32,-7.637142,-119.912233,364.42,0.937,2.42,1116.2,235.93
2021,21,-33.050978,-142.916647,450.64,1.025,4.1,1190.3,183.64
2021,38,38.820322,-157.034736,488.14,1.024,3.82,937.1,191.61
2020,1,50.209412,136.328752,309.8,0.797,3,986.4,249.19
2021,50,-2.235448,17.436148,327.95,0.999,3.08,943.8,187.47
2019,47,23.585899,-170.508631,412.63,1.252,4.07,795,185.87
2021,6,-58.171632,-37.075493,482.22,0.954,2.66,1067.3,180.97
2020,47,24.209814,95.398694,414.95,1.397,2.39,1188.5,205.54
2020,30,-89.15157,-150.029567,362.95,0.909,3.71,992.9,158.2
2021,41,-40.764985,-85.517185,410.71,0.866,3.13,846.7,211.57
2019,43,47.014791,-124.10123,493.43,1.317,2.45,1056.3,221.15
2019,45,-59.650964,55.739763,413.32,0.777,3.56,936.7,186.45
2019,23,47.607073,138.769674,361.75,1.11,3.08,953.2,201.41
2020,5,-1.876124,-68.626565,367.41,0.92,3.18,888.9,190.69
2019,51,47.44245,-90.937253,393.46,1.037,2.63,973.8,217.59
2020,35,-74.152558,-77.696899,379.36,0.886,2.99,808.1,171.07
2021,26,20.606353,45.533046,361.96,0.888,3.59,979.5,205.5
2021,14,24.027757,-132.74024,466.81,0.963,3.15,1133.1,202.29
2020,28,-17.389174,121.8664,423.26,0.933,3.17,996.5,215.37
2020,14,83.759011,-169.714335,409.72,1.01,3.41,809.4,195.9
2021,32,-21.003044,58.877689,415.9,1.247,4.37,978.5,152.24
2021,18,-83.209443,129.732774,326.13,1.118,3.15,1014.6,232.74
2020,21,-54.105435,-62.927526,447.62,1.185,3.04,1212.6,223.36
2021,19,-22.841747,-8.584293,399.86,1.339,2.8,1212.8,199.25
2021,22,-87.466119,170.993356,400.19,0.988,1.98,1156.6,204.81
2019,36,-32.001636,14.610298,452.46,0.77,3.69,927.1,230.12
2019,37,59.98116,-81.930806,375.95,1.042,3.72,900.4,165.48
2021,9,-55.696192,-19.855824,406.58,0.977,3.99,768.1,211.72
2021,37,31.814666,169.035215,366.44,0.969,3.66,879.2,202.37
2019,32,22.803647,71.144236,366.27,0.842,3.43,860.4,203.48
2021,51,-45.211838,-116.26681,342.45,1.14,2.7,1103.2,209.06
2020,22,34.834454,35.130312,425.58,1.129,2.57,1150.3,183.74
2021,44,-28.017041,47.177108,384.46,0.897,3.53,742,216.22
2021,49,-66.792456,48.906409,374.83,1.131,3.15,695.8,235.29
2020,4,-20.960914,23.034415,345.47,0.848,3.29,1230.5,207.63
2019,3,15.960724,8.44553,387.11,1.29,3.57,941.2,188.33
2021,7,-59.936366,50.23017,431.03,1.084,2.59,1219.9,220.58
2019,41,58.291889,-68.521922,443.58,0.655,3.91,727.7,231.17
2019,51,-36.323594,-55.019412,412.84,0.573,3.37,823.6,194.74
2021,30,-37.650997,14.280524,311,1.113,3.2,1025.1,182.07
2021,2,41.009744,109.694796,371.28,1.275,3.04,1137.9,204.57
2019,8,17.346585,-20.93029,368.42,1.108,3.4,1222.9,201.83
2021,11,-29.189673,-48.318004,458.87,1.38,3.42,1005.9,180.75
2021,29,69.835328,-86.469464,361.22,1.102,3.64,992.4,215.47
2019,30,89.185034,-70.71375,298.87,0.782,4.05,1380.3,208.74
2019,1,-28.308089,-179.966755,368.73,1.042,2.32,1048.5,229.27
2020,28,72.24908,113.536724,459.88,1.021,3.2,885.5,218.38
2021,13,-25.33484,125.260736,345.61,1.377,2.63,996.5,194.42
2020,45,-56.083314,-56.20143,472.67,0.946,3.14,1041.5,181.75
2019,9,80.655184,-11.088736,446.56,1.087,3.81,883.1,221.73
2021,42,75.276974,-177.00584,353.7,0.92,3.16,959.3,213.54
2019,20,-17.389504,151.951822,427.14,1.222,3.06,900.3,206.32
2021,11,-48.884709,160.904704,360.08,0.973,2.72,959.1,220.78
2021,18,40.890389,-8.255855,417.2,1.319,3.24,1003.7,232.68
2020,6,-66.38296,-176.712264,418.2,0.585,3.35,1024.8,241.15
2019,42,42.133791,-25.043287,381.51,0.699,3.8,1014.5,202.99
2021,24,16.14471,-74.547859,451.73,1.003,2.88,1224.8,190.82
2020,17,-59.582746,-96.762458,403.66,1.192,2.63,950.9,224.71
2019,6,-24.013539,-177.401525,451.41,0.417,3.48,691.8,164.68
2020,24,27.097268,-45.488204,366.29,0.969,3.56,1036.7,176.61
2019,43,-83.274583,-31.775087,395.19,1.039,3.41,983.2,157.75
2021,42,67.777945,21.799569,408.66,1.097,3.93,982,229.44
2020,11,-43.957949,-37.889251,320.55,0.939,2.39,989.7,202.43
2020,4,6.252018,-121.222982,419.34,1.314,3.6,1009.8,219.51
2021,26,-81.254347,85.362427,355.98,1.077,4.05,1184.4,180.31
2019,41,89.042442,-39.699623,411.69,1.02,2.51,693.5,156.53
2021,20,29.154585,-43.791098,340.13,1.161,3.19,921.1,193.85
2020,47,27.642171,-85.327101,356.58,1.124,2.33,930.1,198.41
2021,45,-86.446482,-27.993822,427.01,1.426,3.54,905.9,233.45
2020,49,34.154955,-93.757747,380.48,1.157,4.28,945.4,173.24
2021,15,-14.980398,95.233786,425.69,1.169,2.82,954.5,183.8
2019,28,-21.554323,147.583585,367.66,0.62,3.33,966.9,233.66
2020,42,8.510829,110.726979,411.28,0.935,3.95,823.6,186.68
2020,6,-4.608659,66.470505,387.63,0.914,3.47,859.1,243.35
2019,46,-62.437122,-77.516332,448.68,0.776,3.41,1077,189.45
2021,7,35.134565,87.453681,412.6,0.701,2.27,1148.1,212.07
2019,1,23.456041,111.171114,427.91,1.199,3.97,846.6,219.09
2021,14,-35.799038,-31.354604,368.86,0.919,3.52,1190.6,163.56
2019,31,29.099624,127.253528,405.73,0.92,4.81,930.1,227.3
2019,5,29.246934,-114.333416,432.2,1.524,3.61,1031.2,183.41
2020,9,-41.404113,-75.745692,377.51,1.115,3.07,1070.9,200.22
2020,38,19.014181,49.281375,471.78,0.641,3.28,1250,257.89
2021,15,-65.310566,42.382589,412.27,1.148,3.46,1067.3,227.65
2019,34,59.51749,-82.031713,418.98,1.291,3.37,845.3,205.09
2021,44,-71.115437,44.191361,417.59,1.053,2.59,953.3,208.49
2019,29,39.37792,-112.395801,356.05,0.715,2.84,1083.6,195.57
2019,1,-68.807778,-173.017657,428.93,0.845,4.19,732.7,209.75
2020,1,-69.477741,-162.132454,382.65,1.107,2.72,858.5,192
2019,45,-70.872533,12.589471,423.72,0.989,2.25,980.7,233.32
2020,22,-54.243601,-113.062465,422.5,0.782,3.34,997.7,203.83
2020,8,-54.04511,-143.181544,378.7,0.8,3.36,979.1,169.41
2019,28,-42.661095,-83.089752,401.16,0.825,4.06,1137.6,232.29
2019,45,4.166299,77.470539,323.85,1.205,3.15,808.9,238.57
2021,9,-53.698826,81.758545,344.53,1.068,3.04,1179,201.69
2021,31,36.618615,-96.188221,412.48,0.858,2.64,796.5,207.66
2021,5,-36.836784,-125.75387,406.44,0.933,2.76,714.4,250.02
2020,15,-82.906973,-2.311361,399.24,1.051,2.66,1015,188
2020,25,-0.656152,-56.911373,415.56,1.121,3.47,817,216.13
2020,6,-52.615083,-67.832393,394.76,0.999,3.56,981.4,194.32
2020,47,77.962382,107.806447,413.18,0.872,3.46,711.7,213.57
2020,52,-30.491349,179.266841,368.57,0.637,3.4,1096.7,188.6
2020,7,-89.50716,-13.073592,465.87,1.04,3.74,1049.5,207.28
2019,7,30.893964,104.912897,384.76,1.361,3.6,881.8,176.65
2021,21,73.238408,-61.110487,427.28,1.015,2.67,888.3,187.68
2021,24,60.34179,123.676668,399.61,0.769,2.97,946.4,199.16
2021,20,30.423947,162.591855,358.26,1.134,2.23,1393,226.82
2019,9,-63.153991,-159.826196,421.01,1.166,2.41,1009.2,188.12
2021,25,-73.785119,99.235048,386.95,0.586,3.44,1238.4,178.82
2020,50,2.106962,-154.30151,347.71,1.153,3.37,1333.1,149.72
2019,49,40.241451,-10.74716,363.67,1.022,3.12,1050.6,186.39
2019,9,-71.767714,-110.810775,422.6,0.977,3.93,675.2,210.77
2021,42,-43.939422,122.954144,280.14,0.713,4.3,1145,196.98
2020,44,-48.391148,114.210261,453.13,0.902,2.82,942.7,199.07
2021,10,87.959868,118.170737,430.14,1.055,3.28,933.8,214.86
2019,5,-36.716008,-136.09384,313.42,1.284,3.44,1238.1,178.89
2021,34,-6.430076,96.532442,473.23,0.969,2.8,786.8,203.39
2019,37,-72.034395,-90.37355,341.67,1.034,2.32,1203.2,183.36
2019,1,-58.553674,97.64112,426.7,0.865,3.16,1204.7,167.97
2019,40,-82.899986,-20.534061,424.89,0.801,2.86,930.8,204.63
2020,42,-37.697908,85.542845,493.16,1.253,3.01,1293.2,208.41
2020,11,54.287298,-167.936295,467.48,0.856,3.96,840.3,204.15
2021,29,-33.712721,-14.099531,364.05,0.667,2.67,1024.3,181.29
2021,23,42.937235,97.558548,460.14,1.008,2.44,922.7,188.79
2021,47,-72.900275,7.610083,415.71,1.234,2.94,810.1,182.49
2020,14,46.476721,173.561707,467.23,0.955,3.24,898.5,229.86
2021,41,-81.739964,-9.782804,474.19,1.155,4,950,173.7
2020,48,63.359771,65.319235,443.36,1.261,3,945.7,189.31
2019,10,29.403905,-67.640628,415.4,1.022,2.64,1095,182.76
2019,27,-59.30779,-63.697252,428.14,0.846,2.75,1011.7,252.38
2020,40,-25.645067,46.499131,492.44,0.713,3.65,834.9,207.9
2020,44,-11.211387,-164.81307,330.81,1.015,2.66,1376,194.36
2019,29,21.925266,157.471533,416.53,1.154,3.11,991.2,190.25
2020,14,68.125597,7.533451,388.65,1.134,3.72,1070.4,207.02
2019,6,-73.268763,-88.807413,381.77,1.037,3.09,1041.7,232.4
2021,7,56.693572,49.867204,522.86,0.559,3.11,944.1,190.17
2019,9,-57.083504,-108.459493,337.37,0.931,2.83,957.7,177.43
2019,49,-17.860047,139.507047,310.24,1.423,3.5,1055.6,234.25
2021,8,83.215787,130.91676,404.14,1.033,2.58,930.6,260.8
2020,38,-41.070044,-101.59623,382.21,1.519,2.91,1007.8,210.4
2021,47,-20.571212,-139.345755,273.86,1.061,3.16,488.2,194.04
2019,25,63.120884,47.847228,364.75,1.016,3.95,1020.3,165.69
2019,23,53.981837,-63.175144,347.3,1.368,2.9,1185.3,245.47
2019,28,26.792367,-119.750272,405.43,1.153,2.5,669.9,197.97
2019,21,53.44372,-80.603984,540.04,0.649,3.4,842.6,135.33
2019,51,-69.64982,-136.926147,369.09,1.247,2.98,880.2,212.18
2021,9,35.310577,104.091761,393.18,0.865,3.57,1004.3,228.54
2019,16,-79.443649,-176.785252,419.93,1.245,1.8,1060.3,170.05
2020,18,79.644058,-164.882387,438.34,0.999,4.22,1068.4,232.81
2021,42,-61.308828,102.051086,431.74,0.944,3.39,1018.2,243.68
2021,6,-15.115011,-8.902556,410.4,0.826,2.48,732.9,170.11
2021,16,16.335055,34.636422,396.82,0.92,2.51,1074.9,209.68
2019,36,54.407661,-46.296481,438.41,0.834,2.75,881.2,219.82
2019,39,32.110765,-147.787235,381.05,0.756,3.07,877.3,185.78
2021,39,-57.373099,-123.228556,388.7,0.703,3.43,1122.6,252.21
2019,47,-21.64486,-147.095441,430.81,1.157,3.27,1013.7,173.57
2020,39,-25.452195,42.712149,337.57,1.32,3.43,1402.1,174.16
2020,19,-84.813079,155.105562,303.26,1.297,2.65,929.4,255.96
2019,50,33.203544,178.910317,432.12,0.642,4.2,849.3,190.33
2021,45,60.936566,45.047639,455.68,1.189,2.68,916.6,181.41
2019,2,85.220024,-158.480953,381.93,0.892,4.08,1101,213.04
2019,43,-66.482041,52.046963,335,1.27,4.18,857.3,182.82
2019,20,75.671637,72.47813,356.62,1.119,3.24,946.1,165.38
2021,14,-69.671254,104.927848,423.49,1.218,2.54,941.7,209.8
2020,34,-15.968833,-134.702115,324.71,1.06,2.91,893.3,186.03
2019,39,-81.724981,-96.237133,401.81,1.021,2.71,1105.7,147.96
2021,33,-42.909684,173.403256,386.5,1.06,3.06,1007.5,182.81
2021,13,-33.43717,103.882257,396.84,1.311,2.92,1187.2,217.72
2020,48,36.822272,92.411108,493.62,1.257,3.71,998.5,194.65
2021,26,32.027206,109.989136,403.17,0.862,3.81,1261.3,222.33
2021,19,48.155169,-22.061197,463.78,0.578,2.55,956.2,164.74
2021,42,13.796821,-110.532492,411.13,0.808,3.01,887.6,214.17
2020,4,11.702201,68.129993,495.6,0.921,1.89,1076.7,204.15
2019,51,86.0212,-51.059701,392.84,0.782,2.81,939.6,246.49
2020,51,30.571984,-131.496417,414.75,0.974,2.79,1329.1,251.93
2019,16,-29.105884,143.518696,421.45,1.181,3.16,992.6,207.06
2021,32,4.158572,-5.291232,442.91,1.25,3.73,1145.1,202.45
2021,25,36.104433,-22.499999,329.44,0.956,3.54,938.8,213.83
2019,8,-72.856415,-73.902745,434.52,1.014,2.71,869.8,227.5
2020,16,29.108387,70.933599,405.55,0.809,3.64,973,195.25
2020,32,-45.256141,-111.680699,385.41,0.998,3.34,1189.5,215.88
2020,41,-27.765092,-112.814378,417.95,1.081,1.96,1241.2,225.26
2019,39,31.733202,-54.840716,448.54,0.5,2.81,996.8,215.11
2021,5,-20.722209,83.664868,460.7,0.848,3.07,1032.2,198.61
2021,34,61.025944,-80.883193,383.63,0.858,2.74,794.2,150.56
2021,1,10.501963,119.285854,447.68,1.349,4.04,1064.7,197.77
2019,24,87.802492,149.210641,416.61,1.248,3.39,1005.8,231.38
2021,21,-80.178099,19.627312,409.29,1.027,2.48,1230.3,237.02
2021,9,25.811769,-155.20443,432.16,1.03,3.56,990.8,199.52
2020,25,-61.753073,-124.190828,441.62,1.101,3.91,1083.4,203.23
2021,37,62.792203,-73.557842,405.7,1.024,3.62,929.4,190.24
2020,27,63.336807,-85.194263,436.65,0.896,4.55,927.4,223.45
2019,24,66.494814,-47.839425,412.52,0.879,3.44,904.8,205.08
2020,35,-76.524256,-179.740862,376.11,1.177,2.92,700.8,203.65
2021,44,-1.503367,49.689382,502.14,0.817,2.57,885.4,220.89
2021,12,-46.639473,-43.544315,426.55,1.092,3.83,1092.8,196.26
2020,49,84.626109,-113.207656,349.92,0.938,3.22,1127.7,181.56
2021,31,-80.936871,-173.260852,383.54,1.102,2.86,1126.5,237.19
2020,50,-49.912826,128.458544,348.47,1.164,2.67,818.9,153.33
2021,5,25.797117,99.365964,391.34,0.77,2.07,964.8,226.32
2020,2,-17.410141,-94.036839,333.09,0.934,3.61,1074,165.56
2020,38,-47.7,79.561283,460.04,1.06,2.93,1156.1,238.64
2019,5,-7.362973,56.98419,281.92,0.994,3.16,885.5,193.64
2020,1,54.227032,14.024348,346.9,0.946,3.42,999.3,194.05
2020,17,-9.342255,-40.503298,441.11,1.375,1.95,752,169.12
2019,14,64.18606,8.665117,451.9,0.928,3.89,894.7,205.44
2021,3,-9.527738,-0.882303,415.79,0.973,3.67,1105.7,236.98
2020,4,-68.632767,18.528411,476.87,1.307,2.93,1097,172.86
2019,51,-0.472797,40.694127,331.61,0.9,3.04,1244.5,232.49
2019,26,27.607141,-63.863986,440.05,1.212,4.05,870.6,176.93
2020,33,-71.524202,50.725415,358.7,1.052,3.7,907.2,234.17
2021,19,-15.779061,-140.232912,373.03,0.976,2.75,1013.7,167.27
2019,41,10.283582,8.352194,389.58,0.946,3.56,1109.6,222.94
2020,46,-89.969451,-155.995256,402.96,1.04,3.87,718.7,183.64
2019,33,-73.638802,120.669609,490.88,0.964,3.24,969.8,204.32
2021,50,18.75659,-133.281264,453.25,1.119,2.88,1008.2,257.31
2020,27,21.431908,134.4574,375.42,1.092,2.67,1094,200.2
2020,28,-35.172368,-107.25155,440.16,1.011,3.69,824.2,213.93
2021,45,1.500793,-5.266697,392.86,0.956,3.19,904.7,188.57
2021,26,-52.766775,-144.448709,381.25,1.054,3.33,946,159.96
2019,6,30.865387,25.564385,400.12,1.159,3.19,1032.4,238.25
2020,41,81.063923,121.06783,381.59,1.059,3.73,1234,191.11
2019,35,-24.598354,56.851653,330.15,1.07,3.04,741,168.4
2020,35,-80.230462,9.295691,314.3,0.949,2.53,881,234.69
2019,40,-49.874739,72.473048,382.08,0.795,2.93,871.7,197.73
2020,10,-8.197203,-87.862129,424.08,1.096,4.12,875.9,227.05
2021,18,10.827152,-48.112553,401.9,0.876,3.45,1100.5,178.56
2019,6,21.556435,38.143305,387.85,0.944,3.07,805.5,175.37
2020,20,-4.835937,-154.485374,434.37,1.257,3.64,1027.2,185.65
2020,6,28.290097,154.875973,367.78,1.331,2.81,941.8,193.6
2019,33,38.86443,-104.854286,415.41,0.89,2.77,1100.5,201.96
2021,14,-69.475795,-3.094019,431.45,0.98,3.84,1058.9,140.41
2021,52,46.677591,140.316237,386.24,0.825,3.08,797.2,212.37
2019,10,-50.085521,-151.215551,490.18,0.742,2.98,924.1,207.39
2019,35,-28.555719,108.367182,323.44,0.773,3.39,1020,221.53
2020,21,59.379099,-158.147932,394.19,0.802,2.26,1009.9,149.49
2020,26,83.598063,20.88716,451.09,0.739,3.45,950.1,244.72
2021,38,-37.442959,157.767789,396.14,0.985,3.05,1082.6,210.68
2021,41,3.957316,-30.256847,299.43,1.112,4.35,1071.7,182.65
2021,49,36.37729,-47.135286,371.15,0.922,3.7,1017.5,197.39
2019,42,-81.75994,75.036163,402.17,1.078,4.12,1064,198.42
2019,44,-60.452034,116.511468,392.3,0.709,2.97,984.7,224.51
2019,42,-64.719146,-84.306372,462.77,0.889,3.46,1034.8,181.15
2021,5,39.0341,-165.364865,434.44,0.936,3.87,1064.5,190.32
2021,20,39.880637,-154.660273,401.4,1.072,3.4,977.4,168.68
2021,45,-70.746929,-70.594362,485.2,1.106,2.8,1137.4,232.22
2021,28,19.953318,160.057254,467.9,1.13,3.29,1043.6,210.52
2019,47,-56.242188,165.811228,451.88,1.097,3.31,896.1,179.39
2020,16,77.438927,-145.03707,463.23,0.936,3.74,1096.4,153.07
2019,4,-19.278632,81.061896,446.23,0.806,3.06,839.6,170.11
2020,16,-7.731719,11.397979,431.73,0.879,3.31,910.3,193.74
2020,6,50.655673,-111.794251,437.61,0.808,3.95,1216.7,235.38
2019,28,39.021825,9.429128,402.53,1.088,3.3,1108.2,187.12
2019,8,-70.602165,-90.44531,433.88,0.829,3.16,968.7,139.54
2019,30,-15.395338,45.117019,392.31,1.626,3.73,856.5,182.74
2021,40,76.792775,-115.596759,414.95,1.233,2.88,1203.6,185.21
2019,39,60.743923,89.709969,424.06,1.028,3.05,1157.2,205.41
2021,4,15.985999,-30.533544,455.89,0.866,3.15,934,180.92
2020,20,48.986131,-142.014895,401.97,0.664,3.81,861.4,243.98
2019,43,-8.909173,49.904748,411.28,1.236,4.05,1054.6,179.11
2021,48,28.522205,-51.133188,295.28,0.73,3.49,1208.4,207.76
2021,43,82.114258,-14.860587,425.55,0.785,3.76,746,220.61
2021,48,-65.765517,59.487248,435.14,0.922,2.81,997.8,162.89
2019,12,-0.210844,137.816647,431.96,0.963,3.54,756.8,206.06
2020,8,5.465583,-119.948645,358.58,0.925,3.39,935,174.39
2019,1,-81.257111,-115.057246,457.99,1.205,2.25,1007.4,228.76
2021,46,78.355491,-35.439417,327.97,1.304,3.07,856.8,161.52
2020,9,60.9869,-58.495367,311.6,1.091,3.79,1072.8,158.67
2020,45,-3.072247,-123.056476,345.64,0.896,3.06,1095.6,214.52
2020,1,1.499922,179.436086,422.14,1.06,3.79,731.5,161.12
2020,11,75.809217,-20.515619,445.12,0.836,2.68,1086.8,225.48
2021,32,-58.103561,-53.163333,462.87,1.127,2.42,1208.7,232.94
2021,23,14.139789,-66.544201,474.99,1.107,3.43,1081.5,209.81
2020,34,41.489039,176.926677,387.86,0.818,2.58,1174.6,160.28
2020,34,-66.891279,-63.124521,442.25,1.108,3.82,1040.3,294.84
2020,51,-20.266996,-46.180976,369.46,0.873,3.14,956.2,215.21
2020,47,18.098284,95.106372,381.84,0.803,3.34,660.7,163.18
2021,17,68.885255,-24.988294,417.08,1.166,3.26,1085.3,219.13
2020,11,0.739821,81.312366,462.53,1.31,2.39,954.6,176.89
2020,24,-20.760725,39.028813,393.9,0.665,3.25,924.5,218.33
2019,9,86.310137,22.732093,418.72,0.753,3.13,979.6,200.06
2021,48,74.863844,-102.985871,411.51,0.846,2.31,996.6,211.88
2020,50,47.227438,95.654959,327.08,1.013,3.13,1057.6,187.66
2020,18,-40.752742,153.412892,287.78,1.038,2.61,1335.1,218.13
2019,47,83.446837,-88.527914,425.81,0.825,2.94,849.8,222.61
2020,8,84.688497,166.194639,429.74,0.917,4.16,961.2,206.58
2020,50,-8.487773,-18.900076,507.41,0.833,3.05,1415.3,184.85
2020,2,-65.99307,-37.047398,432.95,0.787,3.46,1022.5,213.2
2019,22,-15.705815,81.47278,401.82,1.03,3.05,1146.7,197.19
2021,52,36.002571,173.86433,390.65,1.194,3.24,892.9,243.47
2019,28,44.716836,34.474618,470.56,1.084,3.07,893.3,202.25
2021,18,-36.195636,6.339369,390.71,1.291,2.46,867.3,174.65
2019,34,36.268976,177.628323,385.35,1.141,2.79,1276,181.74
2019,5,64.927358,-71.337005,448.22,1.187,3.82,887.7,187.67
2020,17,38.137384,-71.879774,452.01,1.036,2.31,1141.7,215.66
2021,46,78.392174,-100.120787,357.59,1.004,3.1,1221.2,187.17
2021,37,23.864991,128.059353,449.99,0.827,2.94,914.9,182.7
2021,41,-53.839965,-172.187506,402.12,0.895,2.79,1030.6,181.34
2021,5,22.350166,115.898372,457.73,0.879,3.13,1054.8,192.52
2020,32,-37.695691,68.298906,385.36,0.75,4.28,1128.7,233.83
2020,30,-27.847155,-80.655431,392.57,0.608,3.06,1255.9,218.12
2019,33,31.027268,19.318735,486.96,1.699,3.52,858.5,181.37
2019,24,86.640389,20.276311,408.64,1.489,2.59,789.5,214.8
2020,4,27.01555,153.332082,336.59,0.759,3.2,885.9,183.02
2019,32,82.498762,-124.302677,361.14,1.019,3.39,883.5,217.02
2020,37,0.700819,-166.414932,392.14,1.076,2.38,1142.4,178.03
2021,11,34.976155,-51.963929,345.73,1.272,2.85,1292.3,206.62
2019,24,-31.971348,-130.17305,386.82,0.894,2.36,995.5,172.35
2020,11,-69.227055,-47.850159,486.78,1.24,3.64,1003.6,180.11
2021,17,-26.597196,29.576054,415.28,1.014,3.63,930.8,229.84
2021,50,-3.533414,-96.122107,397.3,1.355,3.02,985.9,208.48
2021,7,12.714875,111.986725,416.91,1.251,3.26,1033.9,175.59
2020,37,30.088303,-146.914156,318.48,0.899,3.9,1065.8,225.75
2020,44,-14.853972,-36.072631,429.58,0.885,3.29,1146.7,227.64
2020,47,44.61637,150.437449,404.57,1.212,3.7,984.1,221.07
2021,8,61.450074,84.335743,343.17,1.335,3.54,1122.7,168.45
2021,15,-38.532964,80.48899,425.9,1.129,2.82,899.1,209.61
2021,48,62.514196,105.44551,308.88,0.903,3.86,1054.6,250.39
2020,33,55.49486,-117.755103,358.6,0.993,2.88,1198,172.7
2020,1,4.091398,117.253888,401.36,0.822,3.57,928.9,187.6
2019,3,-85.451015,68.254236,411.33,0.961,2.7,894.3,184.14
2021,1,-63.841192,27.443686,485.83,0.896,2.48,1007,158.91
2020,16,30.645752,146.756031,424.81,1.035,3.53,910.1,224.77
2019,3,-54.017565,34.283233,363.78,0.997,2.74,635.5,217.47
2019,31,45.033303,-71.858429,427.12,1.198,3.64,1147.6,156.08
2021,24,-61.031629,83.08417,386,0.978,2.86,931.1,195.17
2021,25,-38.409201,27.462131,352.77,1.041,2.94,809,196.29
2020,10,-44.899019,-151.748137,362.59,0.844,3.49,940.7,191.66
2019,12,61.088727,-159.867825,554.62,0.921,3.08,1031.8,186.22
2021,3,34.307073,97.524541,388.4,1.025,2.81,1102.8,212.47
2021,36,-36.874698,-54.745125,327.86,0.521,3.78,1177,203.11
2019,52,45.646911,114.171012,376.58,1.043,3,667.6,223.31
2021,46,-84.184851,-30.052183,374.29,0.911,2.79,975.7,205.38
2019,48,56.524719,132.419195,443.07,0.693,2.82,1232.7,207.15
2019,42,-71.553599,133.123145,437.7,1.136,2.45,1269.8,261.5
2021,27,66.246367,-98.381638,378.49,0.833,4.04,835,159.48
2019,15,43.108646,55.000506,445.39,1.299,3.72,1226.3,237.98
2019,21,65.671467,36.828588,418.8,0.849,2.96,1219,205.43
2020,16,43.634292,-175.883623,334.79,1.049,2.94,1206.2,189.62
2019,27,11.0287,99.870703,427.99,1.218,3.08,695.9,169.69
2021,47,-47.232815,-42.304694,300.46,0.839,3.02,836,238.21
2019,21,51.175291,-70.277979,379.9,1.1,2.32,1327.4,205.68
2019,18,53.787915,-165.174389,383.02,1.009,2.89,1024.5,157.3
2021,5,-38.225042,14.374703,412.45,1.379,3.69,931,181.33
2019,37,29.608842,-126.151193,412.34,0.758,3.16,677.3,196.36
2019,24,76.767266,0.86458,338.25,1.101,4.12,947.7,206.91
2019,8,-20.240163,-100.513017,393.84,1.165,2.86,917.7,213.23
2021,33,82.206355,-161.812867,363.1,0.871,3.52,950.1,201.72
2020,44,85.64809,83.368286,302.21,0.955,3.89,1013.3,206.48
2020,4,-33.722283,-38.562226,369.41,1.139,2.88,1149.5,118.95
2019,12,9.382428,-19.578155,467,1.238,2.93,770.7,184.7
2021,15,-87.666257,34.247589,368.24,1.123,3.61,960.6,156.39
2021,52,-44.758597,1.702565,407.89,0.99,3.69,673.2,169.85
2021,34,21.701105,-100.049174,309.34,0.872,3.57,1028.6,189.2
2021,3,50.566481,-75.67811,459.25,0.774,3.73,1046.5,233.88
2020,26,66.621257,-38.043935,322.54,0.879,2.3,805.1,210.64
2021,5,59.397027,-132.411944,358.84,0.897,2.95,967.8,205.2
2020,30,74.067548,-150.283759,402.55,1.015,3.2,1137.3,174.65
2019,19,36.833232,25.718613,326.5,1.225,2.46,1087.6,226.58
2019,50,26.573829,-162.248005,448.37,1.12,3.46,775.3,200.51
2021,20,45.919387,-36.291132,433.71,1.165,3.06,1048.2,190.43
2021,21,8.390725,-149.371565,494.4,1.431,3.79,1186.8,185.73
2020,6,18.609656,0.656322,420.5,1.042,3.1,940.8,206.68
2019,36,49.706414,98.577049,437.82,0.957,3.1,1041.9,242.71
2019,30,83.572168,-133.064937,449.54,0.83,3.16,1298.2,190.18
2021,1,-37.04801,-131.446525,391.44,0.882,3.22,1166.3,150.31
2021,24,-58.063338,21.346624,360.86,0.845,3.43,1011,161.28
2020,13,32.878593,-4.370004,378.4,0.832,2.77,896.8,188.6
2021,19,-56.344215,54.809438,415.75,0.737,3.34,1101.3,154.67
2020,37,-58.716876,-109.404252,497.51,1.419,4.07,812.1,165.59
2019,51,2.492433,41.758862,390.07,1.234,3.9,922.4,216.31
2021,20,-22.104319,84.840391,349.12,1.081,3.29,984.4,242.73
2021,48,-12.868593,-91.351497,425.74,1.253,3.5,963.5,234.21
2021,40,10.187752,-154.208167,397.94,0.896,3.68,1040.4,144.53
2020,16,-66.588025,99.637884,477.68,0.905,2.82,855,211.85
2019,30,15.11749,-63.571809,314.47,0.762,3.36,983.6,167.85
2019,24,-44.097093,152.689709,410.37,1.305,2.82,947.4,192.66
2019,38,-30.498698,-147.745927,334.68,1.189,3.09,1163.9,177.39
2021,32,37.744073,61.829119,341.12,1.127,2.94,840.7,180.19
2019,50,-62.134974,-27.525383,467.99,0.965,3.39,989.9,205.9
2019,50,-62.333391,-54.609172,386.17,0.965,3.99,1448.6,181.83
2019,13,-31.926595,-64.534189,341.66,1.006,3.08,1046.5,213.1
2021,47,-80.846021,33.795774,371.97,0.82,3.37,1091.4,239.97
2021,35,77.828736,-171.285541,404.49,1.051,3.46,1010.7,206.72
2020,49,20.809562,-70.265215,417.46,0.648,3.05,837.5,217.92
2020,51,29.140238,175.55469,475,1.271,3.47,1014.8,195.74
2020,16,-1.700831,41.839558,512.18,1.051,3.15,961.6,227.78
2020,10,13.081858,176.457306,429.12,0.939,3.34,1069.6,181.04
2019,1,-25.544594,-20.804362,372.93,1.032,3.81,1087.9,226.34
2020,27,51.125661,-127.505349,404.19,0.802,2.36,966.8,195.9
2020,2,-32.785379,-163.844082,406.57,0.982,3.25,1241.4,280.87
2020,15,-50.406837,114.541891,460.37,1.077,3.16,1062.6,179.07
2021,35,-56.903562,-108.113323,369.88,0.94,3.4,837.2,233.01
2019,23,-77.728236,-45.424515,455.91,0.926,3.44,1291.2,162.61
2021,41,0.925263,92.784162,423.09,0.999,2.63,1033,204.4
2019,45,-15.132376,126.995092,379.5,1.179,2.54,1202,187.89
2020,1,6.666471,-139.546173,460.88,1.108,3.19,1244.4,160.67
2021,22,-73.4498,-160.366315,397.63,0.918,4.06,1019.7,215.64
2019,1,-50.184345,161.618729,417.28,1.18,3.19,1276.1,224.54
2021,49,-51.596314,153.62269,356.04,0.562,4.07,1095,261.99
2021,43,-30.260967,132.750847,448.07,1.38,3.83,1057.5,193.55
2019,25,-25.056392,115.248224,454.75,0.665,3.72,1267.3,187.56
2019,48,-50.679849,-175.056015,420.35,0.573,3.17,892.1,214.56
2020,47,45.478024,69.766281,401.57,1.391,3.39,983.3,182.9
2020,20,5.489801,-139.939923,349.99,0.942,3.18,783.8,168.82
2020,7,89.393595,-17.977835,440.3,0.883,3.32,1167.2,206.84
2021,14,58.263912,-171.810679,394.19,0.885,2.86,1050.9,237.9
2020,34,86.603976,-104.756565,344.32,1.002,3.5,796.6,221.25
2019,16,-88.415335,13.681965,397.31,1.197,3.16,962.5,166.78
2021,27,30.408924,-106.631513,484.53,1.092,3.61,908.5,227.99
2019,32,-9.779896,8.375717,383.88,0.564,4.1,874.5,202.79
2021,4,72.809363,-86.883119,311.24,0.848,2.66,924,228.62
2019,10,20.466197,-6.110521,412.04,1.098,3.36,1098.2,193.67
2019,46,21.803706,82.77249,419.61,0.731,2.62,842,178.75
2020,18,82.601427,-129.114928,408.97,0.97,3.41,1152.1,217.44
2020,6,32.859245,71.551884,352.49,0.772,3.31,872.6,197.91
2021,3,-32.231338,-173.380135,473,1.043,3.84,1060.2,210.65
2020,15,74.867837,29.88178,389.12,0.788,3.48,1083.5,265.31
2021,34,80.097781,58.870203,369.43,1.189,1.99,1061.5,204.85
2019,27,-20.542332,-164.346477,399.92,0.934,3.66,1077.5,246.5
2021,45,7.242716,-118.684927,393.06,0.669,3.36,867.3,183.55
2019,24,-39.090781,-77.755125,435.4,0.847,3.81,893,182.2
2019,30,74.040467,104.107858,378.45,1.268,3.89,997.6,184.13
2019,48,57.979632,42.46732,448.2,0.822,4.37,900.5,177.66
2021,6,-22.507552,-160.88931,341.55,1.263,3.13,1183.2,192.3
2021,38,54.507013,55.712834,322.09,1.17,3.11,962.4,213.53
2020,7,-9.799758,-176.999697,289.98,0.765,2.85,765.7,150.17
2020,33,-82.106701,-40.087747,280.22,1.107,3.57,986.8,230.97
2019,9,71.69069,-82.328264,476.59,0.751,3.33,960.1,214.43
2019,41,-55.34777,126.74986,343.75,1.176,0.96,1091.9,194.22
2021,26,2.501046,57.636134,356.86,0.776,3.25,851.3,176.67
2020,5,80.678128,131.141618,378.94,0.836,3.24,1132.1,171.16
2021,38,-59.868934,-173.131803,348.66,1.136,2.8,1032.9,229.68
2021,37,82.129717,132.267759,315.46,1.108,3.77,1111.6,226.07
2021,4,6.83547,53.788012,390.36,1.06,4.03,799,252.55
2019,28,-88.680494,-96.779297,315.89,0.754,3.5,1250.2,165.33
2019,43,-78.215072,-42.947567,458.59,1.282,3.35,1194.6,267.63
2020,9,30.660323,171.580298,369.04,0.905,2.84,1045.8,209.42
2019,16,49.244808,-144.142664,413.42,1.252,3.33,1021.6,199.83
2019,19,65.691154,-66.435851,443.28,1.244,3.23,611.3,226.36
2021,17,-13.642299,132.038188,363.25,1.018,2.96,1268.1,246.22
2019,21,-71.293174,11.361832,462.97,0.58,3.27,958.8,229.92
2021,52,6.795759,-112.889741,428.93,0.948,3.25,746.1,194.35
2020,26,36.493716,0.234296,468.25,1.167,3.04,962.1,201.86
2019,45,85.720306,-15.124946,397.92,1.042,3.49,785.1,222.3
2020,48,49.537213,153.48599,396.8,0.918,3.36,1009.8,218.85
2019,21,26.381009,-172.264155,404.98,1.037,2.34,887.8,172.54
2021,21,79.1552,-90.93883,381.54,1.274,2.59,1058.8,207.55
2019,29,44.440349,10.589531,502.52,1.257,2.47,967.8,147.67
2021,18,-62.324176,-59.914932,444.09,0.766,3.34,967.7,202.31
2020,15,-7.339458,-38.376066,478.85,1.179,3.13,1150.7,204.25
2021,5,-30.291232,-123.47811,435.4,0.834,3.48,1040.4,212.73
2021,13,-74.246238,-55.159235,470.55,1.015,3.05,931.7,193.89
2020,9,-80.231747,-53.31129,463.39,0.937,2.92,866.5,215.69
2020,50,52.958662,45.083149,371.79,0.986,2.69,983.9,200.17
2021,50,10.455157,-94.966284,411.23,1.093,3.53,888.9,185.31
2019,38,13.493213,172.167936,371.45,1.241,2.67,698.9,197.63
2021,7,-49.023786,0.450526,377.49,0.755,3.13,862.1,209.46
2021,10,-43.443367,112.28143,451.71,1.243,3.4,807.1,229.82
2019,7,-20.154131,45.285251,464.53,0.822,2.64,618.3,251.84
2021,11,23.439108,136.323819,364.3,0.836,3.38,1160.3,171.83
2021,29,-12.055494,140.544751,356.82,1.412,2.78,1142.4,194.28
2020,30,-86.959626,113.34911,412.37,1.079,2.7,862.9,189.37
2019,21,31.193772,-169.392277,408.31,0.997,3.16,890.6,182.56
2019,27,6.270187,19.778167,487.73,1.028,2.72,981.5,190.53
2020,8,25.456094,-79.130216,337.89,0.781,3.51,1141.9,166.97
2019,35,21.302885,-125.385055,431.92,0.881,3.52,783.1,178.74
2019,23,46.072907,142.983113,447.03,1.144,3.18,1078.6,199.25
2020,50,15.409442,56.495433,395.98,0.827,3.04,908.7,219.32
2021,14,36.158766,-148.393794,500.96,1.1,3.14,1144.8,195.61
2021,29,-76.9339,-42.405436,393.01,0.666,3.91,1114.2,225.4
2021,20,77.048595,165.81805,390.93,0.931,2.59,948.2,183.86
2020,30,-70.895602,40.481422,415.31,1.008,2.94,1006.8,185.19
2020,17,51.640542,45.188856,308.76,0.785,2.62,970.1,200.89
2019,8,-35.756872,-98.125928,450.34,0.82,3.85,1394.6,199.76
2021,6,-74.42906,-93.470109,392.74,0.946,1.94,1106.1,157.89
2020,11,47.749363,-125.010304,428.78,1.517,2.45,1011.6,251.73
2020,52,-11.218293,169.393382,447.84,0.965,3.78,1173.3,197.61
2020,44,-18.879614,147.504742,436.6,0.729,3.44,738.8,153.03
2019,20,28.93017,-61.457494,466.97,1.307,4.57,937.7,216.34
2020,46,-4.682218,15.20415,440.07,1.061,3.01,1075.7,168.96
2021,45,6.024197,-105.567381,417.69,1.002,2.91,944.1,161.55
2020,39,-65.451337,-130.11245,436.55,0.997,3.64,1005.6,205.49
2020,3,-19.621338,14.887378,405.74,1.078,4.28,1148.1,187.75
2019,14,53.54723,108.037821,399.98,0.841,3.53,850.4,245.93
2021,21,8.230404,130.531558,332.85,0.593,3.3,796,152.27
2021,10,82.824168,-68.760577,406.51,0.835,2.62,1011.1,202.75
2021,6,-64.066403,73.8491,387.43,0.549,3.42,1243.2,227.81
2020,46,31.912028,8.569974,359.71,1.502,3.11,899.9,224.19
2019,16,74.550405,-131.309102,419.77,1.077,3.09,1109.8,211.82
2021,23,53.103082,178.446888,424.91,0.914,3.48,986.4,196.3
2020,26,41.278424,171.279687,348.04,0.836,3,889.2,245.14
2019,33,-22.836507,-127.745138,315.14,1.094,3.73,1114.1,169.83
2021,4,80.903719,155.890781,455.1,1.431,3.41,979.4,142.69
2019,44,9.634354,150.160363,452.88,0.7,3.59,847.1,168.52
2019,20,9.912554,-65.701364,371.62,1.213,2.9,917.7,200.52
2020,17,-67.817671,20.642507,349.32,0.728,2.94,951.6,189.6
2019,12,-89.094629,161.496563,373.29,1.003,3.68,920.7,215.5
2020,2,17.39788,-137.380575,419.96,0.719,3.21,961.1,164.31
2021,26,6.687369,-65.664868,409.87,1.134,3.15,1289.8,229.1
2021,29,80.45629,136.669724,357.84,1.433,2.78,827.1,253.71
2019,36,-35.155593,81.748632,477.55,1.193,2.75,1030.6,230.47
2021,48,44.693386,95.556605,472.27,1.017,3.71,1142.4,193.71
2020,36,72.638348,136.847484,378.38,1.078,2.99,1051.4,170.25
2020,16,-28.106703,-30.945544,401.51,0.996,3.82,761,168.61
2020,7,-15.722191,-31.949365,439.93,1.172,2.7,1083.5,177.8
2019,30,26.267671,-20.518385,425.01,1.222,3.45,1058.1,225.96
2019,7,2.259485,156.156669,384.39,1.106,2.54,898.7,237.88
2019,52,-61.028216,141.886834,375.51,1.056,2.94,1096.5,222.59
2020,51,-50.258166,155.970011,290.92,0.771,3.32,1091.2,187.47
2020,9,60.254706,-81.433381,447.66,0.865,3.28,891.6,192.98
2020,8,-55.021281,100.478839,396.82,0.948,3.23,961.1,202.64
2020,1,-57.355563,-141.562284,399.61,1.022,3.17,1288.3,199.76
2019,4,53.93881,-113.491261,402.15,0.629,3.9,875.7,221.04
2019,50,63.405203,94.481094,469.03,0.908,3.16,1131.4,212.28
2019,15,63.24979,40.313375,398.27,1.066,2.65,1023.1,215.2
2019,9,77.826576,-83.929459,344.65,1.131,3.9,1053,132.2
2020,13,88.976349,24.135513,346.16,1.133,3.76,931.6,169.04
2020,26,-6.972263,-96.871914,476.61,1.147,3.67,904.7,206.31
2021,24,8.93963,-96.414288,384.61,1.071,3.14,974.1,188.78
2021,44,-37.68252,67.456039,368.41,0.862,3.22,869.3,206.98
2021,41,-77.874704,-50.66592,280.16,1.036,3.78,1066.8,242.78
2020,42,-72.323568,67.730863,414.64,0.97,3.25,962.1,204.44
2019,6,40.606066,-8.423201,357.3,0.931,3.49,929,156.22
2019,38,-2.305726,0.836851,462.98,0.893,2.49,943.2,176.52
2019,38,-30.446832,37.696233,495.31,1.025,2.95,699.9,185.34
2020,17,-66.921274,76.326886,242.82,1.324,4.08,1245.8,176.54
2021,5,27.985137,-45.374616,458.28,1.422,3.01,840.9,236.73
2019,2,-71.99189,126.766596,425.79,1.027,4.45,959,194
2021,5,21.51284,-3.079585,462.67,0.884,3.79,975.2,175.14
2021,13,72.021346,-130.49542,439.22,0.706,3.38,1174.2,197.86
2020,42,-32.798531,-110.426461,371.21,0.693,4.58,1288,204.78
2020,29,-8.883724,-168.397361,420.41,1.088,4.36,1016.6,168.99
2019,52,20.941637,95.233987,464.44,0.937,3.68,1022.5,161.56
2020,9,-34.978412,-174.594866,400.46,0.872,2.86,880.1,172.27
2020,6,15.150588,-82.850867,368.56,0.892,2.97,832.8,211.16
2020,52,11.799361,-31.304152,416.51,0.975,3.13,926.3,183.62
2019,22,-24.391182,87.251998,391.09,0.918,3.43,1117.3,181.25
2021,8,-33.060031,175.76763,369.06,1.252,3.64,1009.5,197.37
2021,3,-12.904669,92.799572,322.54,0.911,3.04,1081.1,196.69
2019,30,-89.130261,-156.190923,444.99,0.744,2.97,977,224.55
2021,4,-45.688475,153.757154,438.65,0.672,3.53,937.5,192.37
